date; close 
11/07/2018;6394,36
12/07/2018;6253,60
13/07/2018;6229,83
14/07/2018;6268,75
15/07/2018;6364,26
16/07/2018;6740,55
17/07/2018;7326,70
18/07/2018;7383,39
19/07/2018;7477,50
20/07/2018;7333,93
21/07/2018;7405,40
22/07/2018;7398,64
23/07/2018;7718,00
24/07/2018;8395,82
25/07/2018;8170,23
26/07/2018;7937,25
27/07/2018;8182,89
28/07/2018;8230,87
29/07/2018;8216,78
30/07/2018;8176,06
31/07/2018;7735,30
1/08/2018;7610,90
2/08/2018;7542,34
3/08/2018;7417,60
4/08/2018;7017,89
5/08/2018;7042,39
6/08/2018;6945,78
7/08/2018;6723,21
8/08/2018;6285,02
9/08/2018;6543,24
10/08/2018;6153,41
11/08/2018;6242,54
12/08/2018;6322,92
13/08/2018;6263,20
14/08/2018;6199,60
15/08/2018;6274,22
16/08/2018;6323,81
17/08/2018;6591,16
18/08/2018;6405,71
19/08/2018;6502,18
20/08/2018;6269,90
21/08/2018;6491,11
22/08/2018;6366,13
23/08/2018;6538,95
24/08/2018;6708,96
25/08/2018;6749,56
26/08/2018;6720,60
27/08/2018;6915,73
28/08/2018;7091,38
29/08/2018;7052,00
30/08/2018;6998,76
31/08/2018;7026,96
1/09/2018;7203,46
2/09/2018;7301,26
3/09/2018;7270,05
4/09/2018;7369,86
5/09/2018;6705,03
6/09/2018;6515,42
7/09/2018;6411,78
8/09/2018;6200,16
9/09/2018;6249,07
10/09/2018;6324,43
11/09/2018;6295,54
12/09/2018;6337,11
13/09/2018;6492,00
14/09/2018;6486,01
15/09/2018;6522,08
16/09/2018;6502,44
17/09/2018;6261,48
18/09/2018;6346,44
19/09/2018;6398,80
20/09/2018;6505,90
21/09/2018;6762,06
22/09/2018;6716,60
23/09/2018;6702,70
24/09/2018;6583,53
25/09/2018;6437,74
26/09/2018;6462,60
27/09/2018;6686,13
28/09/2018;6635,38
29/09/2018;6603,75
30/09/2018;6623,71
1/10/2018;6594,98
2/10/2018;6525,47
3/10/2018;6492,26
4/10/2018;6579,79
5/10/2018;6632,87
6/10/2018;6589,94
7/10/2018;6601,15
8/10/2018;6650,07
9/10/2018;6631,79
10/10/2018;6581,07
11/10/2018;6209,47
12/10/2018;6250,85
13/10/2018;6267,27
14/10/2018;6277,73
15/10/2018;6612,36
16/10/2018;6583,05
17/10/2018;6574,52
18/10/2018;6488,72
19/10/2018;6469,28
20/10/2018;6490,56
21/10/2018;6509,87
22/10/2018;6483,23
23/10/2018;6470,22
24/10/2018;6476,25
25/10/2018;6462,77
26/10/2018;6457,21
27/10/2018;6470,17
28/10/2018;6470,74
29/10/2018;6313,91
30/10/2018;6309,11
31/10/2018;6342,61
1/11/2018;6381,30
2/11/2018;6394,66
3/11/2018;6376,32
4/11/2018;6467,05
5/11/2018;6433,74
6/11/2018;6479,72
7/11/2018;6529,68
8/11/2018;6446,06
9/11/2018;6377,99
10/11/2018;6396,37
11/11/2018;6408,18
12/11/2018;6375,08
13/11/2018;6339,17
14/11/2018;5741,47
15/11/2018;5647,50
16/11/2018;5586,27
17/11/2018;5568,94
18/11/2018;5615,26
19/11/2018;4809,62
20/11/2018;4441,81
21/11/2018;4593,04
22/11/2018;4320,68
23/11/2018;4343,42
24/11/2018;3854,11
25/11/2018;4004,15
26/11/2018;3784,59
27/11/2018;3822,99
28/11/2018;4263,55
29/11/2018;4286,69
30/11/2018;4009,67
1/12/2018;4197,46
2/12/2018;4143,86
3/12/2018;3871,41
4/12/2018;3948,44
5/12/2018;3737,53
6/12/2018;3485,18
7/12/2018;3420,57
8/12/2018;3461,07
9/12/2018;3592,84
10/12/2018;3467,16
11/12/2018;3401,02
12/12/2018;3485,59
13/12/2018;3305,11
14/12/2018;3235,48
15/12/2018;3232,51
16/12/2018;3255,37
17/12/2018;3548,19
18/12/2018;3715,85
19/12/2018;3736,54
20/12/2018;4137,66
21/12/2018;3898,81
22/12/2018;4045,24
23/12/2018;4007,63
24/12/2018;4081,95
25/12/2018;3834,73
26/12/2018;3848,78
27/12/2018;3646,09
28/12/2018;3947,86
29/12/2018;3797,06
30/12/2018;3896,21
31/12/2018;3747,39
1/01/2019;3880,15
2/01/2019;3961,01
3/01/2019;3835,86
4/01/2019;3874,06
5/01/2019;3855,39
6/01/2019;4102,85
7/01/2019;4050,40
8/01/2019;4040,75
9/01/2019;4048,34
10/01/2019;3668,15
11/01/2019;3669,20
12/01/2019;3664,38
13/01/2019;3551,24
14/01/2019;3703,90
15/01/2019;3621,24
16/01/2019;3643,99
17/01/2019;3685,30
18/01/2019;3648,05
19/01/2019;3729,78
20/01/2019;3567,73
21/01/2019;3571,92
22/01/2019;3602,04
23/01/2019;3572,05
24/01/2019;3598,52
25/01/2019;3582,89
26/01/2019;3596,50
27/01/2019;3565,08
28/01/2019;3453,42
29/01/2019;3418,25
30/01/2019;3467,21
31/01/2019;3434,13
1/02/2019;3461,63
2/02/2019;3508,68
3/02/2019;3449,62
4/02/2019;3431,24
5/02/2019;3447,66
6/02/2019;3394,89
7/02/2019;3375,33
8/02/2019;3660,03
9/02/2019;3652,26
10/02/2019;3685,14
11/02/2019;3611,34
12/02/2019;3617,41
13/02/2019;3605,87
14/02/2019;3588,72
15/02/2019;3593,49
16/02/2019;3617,24
17/02/2019;3670,92
18/02/2019;3912,57
19/02/2019;3924,24
20/02/2019;3974,05
21/02/2019;3937,04
22/02/2019;3983,53
23/02/2019;4149,09
24/02/2019;3771,62
25/02/2019;3845,51
26/02/2019;3817,88
27/02/2019;3830,72
28/02/2019;3823,37
1/03/2019;3831,48
2/03/2019;3842,94
3/03/2019;3812,31
4/03/2019;3731,28
5/03/2019;3874,18
6/03/2019;3874,98
7/03/2019;3882,61
8/03/2019;3868,02
9/03/2019;3947,74
10/03/2019;3929,84
11/03/2019;3874,89
12/03/2019;3888,57
13/03/2019;3878,44
14/03/2019;3881,44
15/03/2019;3927,08
16/03/2019;4027,01
17/03/2019;3998,00
18/03/2019;3988,85
19/03/2019;4024,14
20/03/2019;4056,75
21/03/2019;3996,93
22/03/2019;4000,84
23/03/2019;4007,21
24/03/2019;3994,11
25/03/2019;3924,55
26/03/2019;3942,22
27/03/2019;4045,98
28/03/2019;4036,45
29/03/2019;4111,38
30/03/2019;4118,13
31/03/2019;4112,69
1/04/2019;4151,32
2/04/2019;4906,93
3/04/2019;4976,59
4/04/2019;4913,36
5/04/2019;5047,23
6/04/2019;5057,25
7/04/2019;5201,16
8/04/2019;5294,09
9/04/2019;5201,30
10/04/2019;5318,60
11/04/2019;5048,56
12/04/2019;5081,50
13/04/2019;5080,66
14/04/2019;5165,59
15/04/2019;5037,27
16/04/2019;5212,81
17/04/2019;5236,26
18/04/2019;5289,75
19/04/2019;5295,53
20/04/2019;5326,18
21/04/2019;5305,74
22/04/2019;5394,67
23/04/2019;5539,10
24/04/2019;5454,58
25/04/2019;5162,67
26/04/2019;5234,09
27/04/2019;5229,48
28/04/2019;5272,45
29/04/2019;5237,96
30/04/2019;5350,64
1/05/2019;5389,54
2/05/2019;5500,72
3/05/2019;5753,38
4/05/2019;5840,08
5/05/2019;5794,14
6/05/2019;5748,17
7/05/2019;5819,57
8/05/2019;5998,71
9/05/2019;6171,96
10/05/2019;6358,29
11/05/2019;7191,36
12/05/2019;6977,63
13/05/2019;7806,36
14/05/2019;7980,13
15/05/2019;8183,83
16/05/2019;7874,11
17/05/2019;7371,96
18/05/2019;7266,08
19/05/2019;8193,14
20/05/2019;7998,29
21/05/2019;7947,93
22/05/2019;7626,89
23/05/2019;7876,50
24/05/2019;7996,40
25/05/2019;8059,13
26/05/2019;8726,23
27/05/2019;8785,17
28/05/2019;8718,85
29/05/2019;8664,56
30/05/2019;8276,25
31/05/2019;8550,67
1/06/2019;8555,87
2/06/2019;8737,91
3/06/2019;8114,49
4/06/2019;7677,47
5/06/2019;7791,29
6/06/2019;7807,36
7/06/2019;8002,63
8/06/2019;7933,78
9/06/2019;7643,44
10/06/2019;8021,00
11/06/2019;7917,32
12/06/2019;8174,14
13/06/2019;8235,57
14/06/2019;8693,96
15/06/2019;8853,56
16/06/2019;8979,18
17/06/2019;9336,01
18/06/2019;9081,71
19/06/2019;9280,54
20/06/2019;9536,85
21/06/2019;10218,87
22/06/2019;10689,54
23/06/2019;10855,99
24/06/2019;11035,74
25/06/2019;11740,34
26/06/2019;12913,28
27/06/2019;11154,09
28/06/2019;12355,06
29/06/2019;11884,10
30/06/2019;10769,05
1/07/2019;10591,87
2/07/2019;10844,13
3/07/2019;11981,61
4/07/2019;11156,52
5/07/2019;10993,25
6/07/2019;11248,94
7/07/2019;11474,28
8/07/2019;12296,16
9/07/2019;12567,02
10/07/2019;12099,12
11/07/2019;11343,12
12/07/2019;11797,37
13/07/2019;11363,97
14/07/2019;10204,41
15/07/2019;10850,26
16/07/2019;9423,44
17/07/2019;9696,15
18/07/2019;10638,35
19/07/2019;10532,94
20/07/2019;10759,42
21/07/2019;10586,71
22/07/2019;10325,87
23/07/2019;9854,15
24/07/2019;9772,14
25/07/2019;9882,43
26/07/2019;9847,45
27/07/2019;9478,32
28/07/2019;9531,77
29/07/2019;9506,93
30/07/2019;9595,52
31/07/2019;10089,25
1/08/2019;10409,79
2/08/2019;10528,99
3/08/2019;10820,41
4/08/2019;10978,91
5/08/2019;11807,96
6/08/2019;11467,10
7/08/2019;11974,28
8/08/2019;11982,80
9/08/2019;11865,21
10/08/2019;11293,59
11/08/2019;11549,06
12/08/2019;11387,41
13/08/2019;10872,00
14/08/2019;10031,89
15/08/2019;10308,51
16/08/2019;10360,43
17/08/2019;10220,75
18/08/2019;10326,25
19/08/2019;10922,16
20/08/2019;10770,76
21/08/2019;10131,67
22/08/2019;10104,11
23/08/2019;10410,49
24/08/2019;10150,07
25/08/2019;10141,75
26/08/2019;10364,91
27/08/2019;10175,47
28/08/2019;9722,83
29/08/2019;9492,81
30/08/2019;9587,25
31/08/2019;9624,54
1/09/2019;9768,36
2/09/2019;10387,50
3/09/2019;10625,10
4/09/2019;10585,20
5/09/2019;10556,16
6/09/2019;10309,91
7/09/2019;10491,96
8/09/2019;10420,88
9/09/2019;10314,88
10/09/2019;10109,46
11/09/2019;10165,01
12/09/2019;10428,96
13/09/2019;10372,29
14/09/2019;10365,56
15/09/2019;10313,02
16/09/2019;10271,79
17/09/2019;10198,62
18/09/2019;10163,38
19/09/2019;10281,03
20/09/2019;10176,38
21/09/2019;9988,38
22/09/2019;10036,98
23/09/2019;9694,60
24/09/2019;8542,54
25/09/2019;8446,97
26/09/2019;8074,99
27/09/2019;8201,36
28/09/2019;8223,65
29/09/2019;8065,26
30/09/2019;8314,62
1/10/2019;8326,64
2/10/2019;8391,52
3/10/2019;8246,30
4/10/2019;8168,05
5/10/2019;8172,48
6/10/2019;7868,31
7/10/2019;8215,11
8/10/2019;8191,87
9/10/2019;8593,16
10/10/2019;8596,57
11/10/2019;8278,05
12/10/2019;8316,66
13/10/2019;8296,34
14/10/2019;8363,94
15/10/2019;8173,48
16/10/2019;8014,39
17/10/2019;8082,46
18/10/2019;7972,62
19/10/2019;7973,63
20/10/2019;8247,25
21/10/2019;8223,25
22/10/2019;8034,50
23/10/2019;7479,54
24/10/2019;7444,20
25/10/2019;8671,10
26/10/2019;9258,98
27/10/2019;9550,60
28/10/2019;9222,23
29/10/2019;9432,86
30/10/2019;9169,86
31/10/2019;9157,52
1/11/2019;9260,59
2/11/2019;9311,99
3/11/2019;9221,61
4/11/2019;9421,54
5/11/2019;9323,61
6/11/2019;9347,27
7/11/2019;9208,52
8/11/2019;8772,31
9/11/2019;8822,19
10/11/2019;9045,85
11/11/2019;8726,31
12/11/2019;8815,14
13/11/2019;8773,82
14/11/2019;8640,42
15/11/2019;8468,57
16/11/2019;8498,94
17/11/2019;8515,28
18/11/2019;8190,16
19/11/2019;8133,57
20/11/2019;8093,60
21/11/2019;7632,59
22/11/2019;7292,20
23/11/2019;7339,24
24/11/2019;6930,09
25/11/2019;7138,23
26/11/2019;7170,11
27/11/2019;7531,50
28/11/2019;7442,33
29/11/2019;7769,38
30/11/2019;7571,77
1/12/2019;7420,53
2/12/2019;7320,94
3/12/2019;7313,64
4/12/2019;7207,78
5/12/2019;7406,75
6/12/2019;7558,58
7/12/2019;7514,86
8/12/2019;7539,70
9/12/2019;7350,62
10/12/2019;7233,84
11/12/2019;7212,01
12/12/2019;7199,39
13/12/2019;7261,72
14/12/2019;7080,29
15/12/2019;7132,39
16/12/2019;6897,33
17/12/2019;6635,84
18/12/2019;7294,53
19/12/2019;7159,26
20/12/2019;7203,41
21/12/2019;7159,47
22/12/2019;7517,58
23/12/2019;7326,60
24/12/2019;7260,91
25/12/2019;7202,72
26/12/2019;7207,23
27/12/2019;7253,82
28/12/2019;7316,23
29/12/2019;7399,49
30/12/2019;7234,44
31/12/2019;7183,88
1/01/2020;7189,94
2/01/2020;6965,72
3/01/2020;7339,70
4/01/2020;7357,50
5/01/2020;7359,96
6/01/2020;7762,69
7/01/2020;8160,36
8/01/2020;8045,15
9/01/2020;7817,35
10/01/2020;8190,31
11/01/2020;8024,58
12/01/2020;8181,49
13/01/2020;8106,56
14/01/2020;8820,95
15/01/2020;8813,21
16/01/2020;8719,63
17/01/2020;8894,83
18/01/2020;8909,28
19/01/2020;8702,59
20/01/2020;8634,03
21/01/2020;8724,84
22/01/2020;8667,26
23/01/2020;8394,28
24/01/2020;8431,78
25/01/2020;8345,88
26/01/2020;8602,37
27/01/2020;8898,94
28/01/2020;9391,97
29/01/2020;9286,18
30/01/2020;9501,38
31/01/2020;9342,23
1/02/2020;9384,45
2/02/2020;9334,25
3/02/2020;9288,96
4/02/2020;9171,98
5/02/2020;9611,42
6/02/2020;9755,84
7/02/2020;9808,36
8/02/2020;9898,25
9/02/2020;10157,78
10/02/2020;9858,03
11/02/2020;10269,43
12/02/2020;10347,93
13/02/2020;10233,32
14/02/2020;10360,37
15/02/2020;9905,43
16/02/2020;9925,51
17/02/2020;9702,48
18/02/2020;10182,60
19/02/2020;9602,43
20/02/2020;9608,80
21/02/2020;9697,86
22/02/2020;9671,46
23/02/2020;9977,39
24/02/2020;9664,21
25/02/2020;9316,18
26/02/2020;8793,50
27/02/2020;8821,50
28/02/2020;8719,29
29/02/2020;8545,45
1/03/2020;8549,38
2/03/2020;8919,74
3/03/2020;8765,68
4/03/2020;8773,78
5/03/2020;9074,82
6/03/2020;9160,39
7/03/2020;8903,72
8/03/2020;8057,67
9/03/2020;7944,40
10/03/2020;7894,66
11/03/2020;7945,36
12/03/2020;4916,78
13/03/2020;5632,58
14/03/2020;5181,77
15/03/2020;5357,02
16/03/2020;5045,00
17/03/2020;5337,66
18/03/2020;5413,06
19/03/2020;6184,88
20/03/2020;6206,44
21/03/2020;6195,43
22/03/2020;5828,15
23/03/2020;6503,53
24/03/2020;6767,18
25/03/2020;6694,21
26/03/2020;6757,95
27/03/2020;6382,80
28/03/2020;6252,49
29/03/2020;5882,20
30/03/2020;6403,31
31/03/2020;6423,61
1/04/2020;6663,63
2/04/2020;6804,42
3/04/2020;6743,68
4/04/2020;6875,95
5/04/2020;6781,64
6/04/2020;7347,22
7/04/2020;7201,57
8/04/2020;7367,37
9/04/2020;7294,55
10/04/2020;6876,49
11/04/2020;6887,60
12/04/2020;6913,76
13/04/2020;6859,43
14/04/2020;6879,44
15/04/2020;6629,54
16/04/2020;7114,55
17/04/2020;7037,12
18/04/2020;7264,29
19/04/2020;7132,88
20/04/2020;6842,45
21/04/2020;6855,11
22/04/2020;7135,41
23/04/2020;7489,25
24/04/2020;7509,44
25/04/2020;7546,92
26/04/2020;7701,35
27/04/2020;7787,41
28/04/2020;7760,32
29/04/2020;8784,96
30/04/2020;8637,56
1/05/2020;8829,12
2/05/2020;8981,11
3/05/2020;8907,19
4/05/2020;8881,65
5/05/2020;9029,75
6/05/2020;9153,20
7/05/2020;9999,93
8/05/2020;9808,18
9/05/2020;9541,13
10/05/2020;8735,05
11/05/2020;8568,88
12/05/2020;8821,18
13/05/2020;9317,44
14/05/2020;9793,19
15/05/2020;9311,69
16/05/2020;9387,08
17/05/2020;9670,56
18/05/2020;9722,73
19/05/2020;9780,20
20/05/2020;9509,45
21/05/2020;9059,11
22/05/2020;9170,74
23/05/2020;9186,19
24/05/2020;8718,49
25/05/2020;8901,48
26/05/2020;8844,50
27/05/2020;9204,62
28/05/2020;9579,71
29/05/2020;9424,62
30/05/2020;9699,78
31/05/2020;9450,47
1/06/2020;10211,23
2/06/2020;9523,75
3/06/2020;9666,06
4/06/2020;9794,55
5/06/2020;9622,02
6/06/2020;9671,46
7/06/2020;9750,70
8/06/2020;9782,58
9/06/2020;9779,70
10/06/2020;9891,84
11/06/2020;9268,13
12/06/2020;9464,23
13/06/2020;9474,65
14/06/2020;9333,70
15/06/2020;9429,65
16/06/2020;9526,70
17/06/2020;9459,13
18/06/2020;9380,67
19/06/2020;9301,83
20/06/2020;9359,18
21/06/2020;9292,81
22/06/2020;9691,61
23/06/2020;9624,30
24/06/2020;9292,94
25/06/2020;9241,32
26/06/2020;9158,07
27/06/2020;9007,14
28/06/2020;9120,39
29/06/2020;9187,07
30/06/2020;9136,47
1/07/2020;9238,89
2/07/2020;9092,80
3/07/2020;9066,46
4/07/2020;9142,20
5/07/2020;9081,44
6/07/2020;9347,05
7/07/2020;9257,32
8/07/2020;9439,20
9/07/2020;9238,95
10/07/2020;9288,57
11/07/2020;9237,13
12/07/2020;9300,95
13/07/2020;9237,89
14/07/2020;9256,07
15/07/2020;9193,22
16/07/2020;9133,23
17/07/2020;9156,79
18/07/2020;9177,22
19/07/2020;9216,02
20/07/2020;9164,42
21/07/2020;9392,83
22/07/2020;9537,24
23/07/2020;9615,21
24/07/2020;9550,23
25/07/2020;9708,41
26/07/2020;9942,01
27/07/2020;11042,94
28/07/2020;10933,26
29/07/2020;11112,04
30/07/2020;11113,66
31/07/2020;11352,72
1/08/2020;11812,42
2/08/2020;11063,50
3/08/2020;11234,73
4/08/2020;11194,18
5/08/2020;11752,05
6/08/2020;11771,27
7/08/2020;11603,82
8/08/2020;11770,77
9/08/2020;11686,34
10/08/2020;11897,41
11/08/2020;11389,01
12/08/2020;11570,19
13/08/2020;11790,68
14/08/2020;11774,52
15/08/2020;11860,91
16/08/2020;11917,97
17/08/2020;12301,19
18/08/2020;11956,69
19/08/2020;11760,37
20/08/2020;11863,43
21/08/2020;11527,35
22/08/2020;11670,42
23/08/2020;11651,52
24/08/2020;11756,40
25/08/2020;11330,56
26/08/2020;11466,89
27/08/2020;11331,02
28/08/2020;11535,21
29/08/2020;11480,48
30/08/2020;11716,54
31/08/2020;11657,81
1/09/2020;11926,69
2/09/2020;11397,90
3/09/2020;10174,62
4/09/2020;10467,33
5/09/2020;10167,97
6/09/2020;10260,37
7/09/2020;10379,08
8/09/2020;10128,54
9/09/2020;10228,85
10/09/2020;10345,68
11/09/2020;10398,50
12/09/2020;10448,00
13/09/2020;10332,36
14/09/2020;10678,31
15/09/2020;10786,70
16/09/2020;10957,10
17/09/2020;10945,14
18/09/2020;10937,89
19/09/2020;11083,61
20/09/2020;10921,85
21/09/2020;10418,14
22/09/2020;10534,73
23/09/2020;10238,09
24/09/2020;10742,98
25/09/2020;10694,12
26/09/2020;10734,23
27/09/2020;10781,47
28/09/2020;10699,00
29/09/2020;10841,29
30/09/2020;10779,42
1/10/2020;10622,79
2/10/2020;10576,64
3/10/2020;10552,04
4/10/2020;10675,52
5/10/2020;10795,11
6/10/2020;10603,90
7/10/2020;10672,67
8/10/2020;10929,40
9/10/2020;11058,78
10/10/2020;11301,57
11/10/2020;11375,51
12/10/2020;11539,76
13/10/2020;11427,29
14/10/2020;11429,30
15/10/2020;11508,31
16/10/2020;11326,25
17/10/2020;11367,65
18/10/2020;11513,33
19/10/2020;11756,88
20/10/2020;11921,78
21/10/2020;12813,11
22/10/2020;12990,25
23/10/2020;12937,20
24/10/2020;13126,13
25/10/2020;13041,21
26/10/2020;13069,43
27/10/2020;13646,02
28/10/2020;13285,97
29/10/2020;13462,18
30/10/2020;13565,95
31/10/2020;13803,41
1/11/2020;13761,72
2/11/2020;13571,24
3/11/2020;14023,78
4/11/2020;14157,73
5/11/2020;15599,92
6/11/2020;15590,62
7/11/2020;14838,16
8/11/2020;15488,25
9/11/2020;15335,03
10/11/2020;15313,73
11/11/2020;15707,08
12/11/2020;16306,53
13/11/2020;16332,85
14/11/2020;16075,95
15/11/2020;15964,70
16/11/2020;16721,46
17/11/2020;17681,54
18/11/2020;17786,27
19/11/2020;17824,64
20/11/2020;18672,78
21/11/2020;18704,06
22/11/2020;18430,59
23/11/2020;18385,74
24/11/2020;19157,16
25/11/2020;18725,76
26/11/2020;17175,86
27/11/2020;17155,00
28/11/2020;17739,90
29/11/2020;18199,23
30/11/2020;19686,87
1/12/2020;18792,03
2/12/2020;19226,19
3/12/2020;19448,44
4/12/2020;18665,00
5/12/2020;19156,84
6/12/2020;19378,94
7/12/2020;19181,41
8/12/2020;18323,52
9/12/2020;18549,92
10/12/2020;18250,47
11/12/2020;18034,86
12/12/2020;18814,98
13/12/2020;19169,05
14/12/2020;19274,69
15/12/2020;19441,96
16/12/2020;21352,13
17/12/2020;22822,17
18/12/2020;23135,57
19/12/2020;23844,72
20/12/2020;23467,06
21/12/2020;22727,13
22/12/2020;23823,32
23/12/2020;23239,50
24/12/2020;23724,20
25/12/2020;24707,98
26/12/2020;26445,70
27/12/2020;26249,27
28/12/2020;27039,45
29/12/2020;27360,78
30/12/2020;28889,61
31/12/2020;28972,40
1/01/2021;29388,94
2/01/2021;32203,64
3/01/2021;33063,48
4/01/2021;32030,55
5/01/2021;34038,29
6/01/2021;36849,86
7/01/2021;39479,41
8/01/2021;40636,24
9/01/2021;40236,66
10/01/2021;38202,08
11/01/2021;35496,03
12/01/2021;34058,40
13/01/2021;37380,85
14/01/2021;39155,58
15/01/2021;36790,17
16/01/2021;36025,26
17/01/2021;35839,51
18/01/2021;36623,04
19/01/2021;35932,79
20/01/2021;35501,38
21/01/2021;30840,30
22/01/2021;33008,02
23/01/2021;32107,29
24/01/2021;32283,66
25/01/2021;32275,27
26/01/2021;32516,52
27/01/2021;30423,05
28/01/2021;33443,87
29/01/2021;34252,08
30/01/2021;34317,82
31/01/2021;33143,22
1/02/2021;33535,94
2/02/2021;35524,43
3/02/2021;37677,34
4/02/2021;36983,42
5/02/2021;38310,24
6/02/2021;39267,01
7/02/2021;38868,82
8/02/2021;46437,41
9/02/2021;46509,57
10/02/2021;44854,95
11/02/2021;48006,18
12/02/2021;47435,54
13/02/2021;47222,32
14/02/2021;48652,87
15/02/2021;47936,51
16/02/2021;49184,63
17/02/2021;52154,91
18/02/2021;51591,61
19/02/2021;55933,47
20/02/2021;55900,84
21/02/2021;57469,95
22/02/2021;54121,17
23/02/2021;48898,70
24/02/2021;49738,17
25/02/2021;47082,87
26/02/2021;46324,50
27/02/2021;46191,39
28/02/2021;45261,03
1/03/2021;49635,07
2/03/2021;48501,21
3/03/2021;50392,55
4/03/2021;48363,74
5/03/2021;48775,37
6/03/2021;48892,80
7/03/2021;50964,18
8/03/2021;52405,02
9/03/2021;54928,70
10/03/2021;55893,31
11/03/2021;57809,41
12/03/2021;57256,22
13/03/2021;61179,79
14/03/2021;58998,89
15/03/2021;55665,01
16/03/2021;56925,01
17/03/2021;58909,00
18/03/2021;57643,32
19/03/2021;58060,21
20/03/2021;58101,34
21/03/2021;57374,95
22/03/2021;54095,36
23/03/2021;54355,45
24/03/2021;52303,02
25/03/2021;51336,09
26/03/2021;55055,43
27/03/2021;55863,73
28/03/2021;55781,01
29/03/2021;57626,10
30/03/2021;58781,54
31/03/2021;58793,80
1/04/2021;58730,82
2/04/2021;58987,80
3/04/2021;57074,97
4/04/2021;58219,43
5/04/2021;59119,56
6/04/2021;58010,35
7/04/2021;55951,98
8/04/2021;58084,46
9/04/2021;58106,85
10/04/2021;59784,80
11/04/2021;59980,45
12/04/2021;59845,76
13/04/2021;63558,48
14/04/2021;62964,27
15/04/2021;63233,03
16/04/2021;61416,41
17/04/2021;60056,07
18/04/2021;56246,82
19/04/2021;55680,11
20/04/2021;56496,06
21/04/2021;53803,25
22/04/2021;51717,61
23/04/2021;51178,03
24/04/2021;50115,99
25/04/2021;49120,97
26/04/2021;54062,29
27/04/2021;55073,48
28/04/2021;54877,94
29/04/2021;53581,58
30/04/2021;57757,97
1/05/2021;57843,16
2/05/2021;56623,51
3/05/2021;57195,07
4/05/2021;53244,07
5/05/2021;57506,88
6/05/2021;56441,94
7/05/2021;57374,33
8/05/2021;58943,13
9/05/2021;58294,18
10/05/2021;55870,01
11/05/2021;56747,52
12/05/2021;49504,08
13/05/2021;49700,60
14/05/2021;49887,96
15/05/2021;46775,29
16/05/2021;46490,71
17/05/2021;43552,14
18/05/2021;42886,02
19/05/2021;36771,87
20/05/2021;40597,40
21/05/2021;37350,39
22/05/2021;37491,50
23/05/2021;34716,84
24/05/2021;38837,76
25/05/2021;38387,36
26/05/2021;39295,08
27/05/2021;38538,84
28/05/2021;35680,92
29/05/2021;34611,58
30/05/2021;35662,59
31/05/2021;37290,83
1/06/2021;36683,51
2/06/2021;37576,98
3/06/2021;39229,66
4/06/2021;36861,50
5/06/2021;35538,40
6/06/2021;35798,57
7/06/2021;33582,86
8/06/2021;33409,38
9/06/2021;37391,58
10/06/2021;36680,78
11/06/2021;37339,98
12/06/2021;35541,78
13/06/2021;39017,37
14/06/2021;40526,63
15/06/2021;40161,86
16/06/2021;38345,41
17/06/2021;38082,30
18/06/2021;35830,29
19/06/2021;35515,38
20/06/2021;35602,26
21/06/2021;31652,62
22/06/2021;32537,58
23/06/2021;33678,64
24/06/2021;34649,84
25/06/2021;31593,86
26/06/2021;32307,35
27/06/2021;34713,81
28/06/2021;34487,11
29/06/2021;35901,41
30/06/2021;35056,39
1/07/2021;33543,11
2/07/2021;33804,54
3/07/2021;34682,84
4/07/2021;35287,97
5/07/2021;33702,79
6/07/2021;34237,66
7/07/2021;33880,79
8/07/2021;32874,01
9/07/2021;33804,20
10/07/2021;33515,13
11/07/2021;34249,30
12/07/2021;33088,51
13/07/2021;32737,47
14/07/2021;32820,50
15/07/2021;31867,46
16/07/2021;31401,76
17/07/2021;31546,64
18/07/2021;31806,30
19/07/2021;30847,55
20/07/2021;29795,55
21/07/2021;32139,48
22/07/2021;32299,47
23/07/2021;33637,92
24/07/2021;34282,56
25/07/2021;35369,93
26/07/2021;37269,52
27/07/2021;39496,69
28/07/2021;40030,01
29/07/2021;40030,52
30/07/2021;42231,83
31/07/2021;41474,72
1/08/2021;39870,76
2/08/2021;39158,53
3/08/2021;38189,30
4/08/2021;39738,56
5/08/2021;40888,18
6/08/2021;42852,18
7/08/2021;44617,96
8/08/2021;43827,75
9/08/2021;46292,61
10/08/2021;45601,03
11/08/2021;45556,69
12/08/2021;44425,52
13/08/2021;47832,93
14/08/2021;47102,03
15/08/2021;47015,94
16/08/2021;45927,40
17/08/2021;44684,43
18/08/2021;44714,54
19/08/2021;46761,49
20/08/2021;49336,45
21/08/2021;48867,87
22/08/2021;49289,71
23/08/2021;49521,06
24/08/2021;47690,54
25/08/2021;48996,44
26/08/2021;46852,22
27/08/2021;49088,10
28/08/2021;48918,90
29/08/2021;48794,26
30/08/2021;46993,31
31/08/2021;47159,26
1/09/2021;48840,01
2/09/2021;49280,77
3/09/2021;50019,51
4/09/2021;49935,29
5/09/2021;51784,16
6/09/2021;52693,32
7/09/2021;46856,31
8/09/2021;46073,45
9/09/2021;46392,85
10/09/2021;44853,10
11/09/2021;45166,12
12/09/2021;46049,72
13/09/2021;44958,56
14/09/2021;47129,01
15/09/2021;48148,45
16/09/2021;47764,47
17/09/2021;47297,98
18/09/2021;48312,46
19/09/2021;47251,76
20/09/2021;42925,46
21/09/2021;40709,59
22/09/2021;43576,15
23/09/2021;44893,87
24/09/2021;42848,41
25/09/2021;42721,91
26/09/2021;43201,79
27/09/2021;42187,51
28/09/2021;41056,79
29/09/2021;41539,43
30/09/2021;43829,34
1/10/2021;48164,35
2/10/2021;47669,02
3/10/2021;48234,05
4/10/2021;49276,91
5/10/2021;51504,27
6/10/2021;55345,85
7/10/2021;53797,21
8/10/2021;53949,29
9/10/2021;54968,04
10/10/2021;54700,24
11/10/2021;57498,80
12/10/2021;56010,90
13/10/2021;57369,00
14/10/2021;57359,21
15/10/2021;61684,96
16/10/2021;60877,77
17/10/2021;61520,54
18/10/2021;62038,16
19/10/2021;64283,97
20/10/2021;66021,02
21/10/2021;62283,96
22/10/2021;60693,59
23/10/2021;61313,09
24/10/2021;60863,56
25/10/2021;63089,04
26/10/2021;60315,68
27/10/2021;58464,42
28/10/2021;60610,11
29/10/2021;62282,50
30/10/2021;61891,91
31/10/2021;61349,75
1/11/2021;60960,98
2/11/2021;63260,05
3/11/2021;62929,93
4/11/2021;61448,47
5/11/2021;61019,66
6/11/2021;61529,76
7/11/2021;63302,78
8/11/2021;67549,14
9/11/2021;66939,24
10/11/2021;64926,06
11/11/2021;64820,80
12/11/2021;64156,30
13/11/2021;64409,56
14/11/2021;65509,06
15/11/2021;63614,06
16/11/2021;60108,90
17/11/2021;60365,60
18/11/2021;56930,68
19/11/2021;58136,22
20/11/2021;59769,66
21/11/2021;58700,83
22/11/2021;56303,06
23/11/2021;57566,60
24/11/2021;57175,09
25/11/2021;58966,99
26/11/2021;53788,22
27/11/2021;54805,03
28/11/2021;57331,41
29/11/2021;57839,55
30/11/2021;56975,35
1/12/2021;57227,97
2/12/2021;56522,76
3/12/2021;53663,25
4/12/2021;49243,39
5/12/2021;49465,50
6/12/2021;50552,83
7/12/2021;50633,01
8/12/2021;50513,04
9/12/2021;47593,85
10/12/2021;47191,14
11/12/2021;49398,40
12/12/2021;50109,99
13/12/2021;46731,03
14/12/2021;48387,69
15/12/2021;48885,05
16/12/2021;47635,92
17/12/2021;46164,14
18/12/2021;46861,62
19/12/2021;46697,13
20/12/2021;46913,54
21/12/2021;48917,48
22/12/2021;48614,97
23/12/2021;50830,20
24/12/2021;50840,36
25/12/2021;50431,63
26/12/2021;50790,88
27/12/2021;50714,73
28/12/2021;47536,39
29/12/2021;46471,70
30/12/2021;47129,66
31/12/2021;46197,31
1/01/2022;47737,35
2/01/2022;47306,41
3/01/2022;46450,79
4/01/2022;45824,54
5/01/2022;43432,51
6/01/2022;43094,54
7/01/2022;41543,79
8/01/2022;41686,67
9/01/2022;41869,60
10/01/2022;41832,59
11/01/2022;42743,03
12/01/2022;43919,67
13/01/2022;42575,61
14/01/2022;43089,83
15/01/2022;43088,74
16/01/2022;43100,36
17/01/2022;42224,38
18/01/2022;42372,75
19/01/2022;41674,80
20/01/2022;40697,03
21/01/2022;36469,30
22/01/2022;35075,92
23/01/2022;36288,15
24/01/2022;36702,79
25/01/2022;36975,99
26/01/2022;36829,37
27/01/2022;37189,85
28/01/2022;37744,70
29/01/2022;38184,86
30/01/2022;37908,44
31/01/2022;38494,66
1/02/2022;38721,49
2/02/2022;36918,19
3/02/2022;37328,64
4/02/2022;41590,34
5/02/2022;41418,21
6/02/2022;42412,41
7/02/2022;43861,07
8/02/2022;44080,12
9/02/2022;44422,91
10/02/2022;43531,67
11/02/2022;42398,98
12/02/2022;42239,01
13/02/2022;42069,84
14/02/2022;42552,28
15/02/2022;44576,33
16/02/2022;43896,34
17/02/2022;40545,09
18/02/2022;39994,66
19/02/2022;40107,12
20/02/2022;38397,25
21/02/2022;37037,39
22/02/2022;38267,75
23/02/2022;37270,85
24/02/2022;38353,62
25/02/2022;39239,77
26/02/2022;39134,83
27/02/2022;37714,96
28/02/2022;43189,46
1/03/2022;44428,47
2/03/2022;43935,37
3/03/2022;42474,37
4/03/2022;39154,40
5/03/2022;39407,02
6/03/2022;38428,92
7/03/2022;38030,63
8/03/2022;38748,52
9/03/2022;41962,85
10/03/2022;39443,42
11/03/2022;38741,03
12/03/2022;38805,53
13/03/2022;37796,31
14/03/2022;39696,28
15/03/2022;39314,86
16/03/2022;41133,64
17/03/2022;40956,79
18/03/2022;41790,97
19/03/2022;42235,02
20/03/2022;41243,16
21/03/2022;41043,90
22/03/2022;42380,11
23/03/2022;42904,10
24/03/2022;44006,77
25/03/2022;44331,36
26/03/2022;44542,31
27/03/2022;46842,14
28/03/2022;47128,71
29/03/2022;47445,30
30/03/2022;47056,41
31/03/2022;45522,65
1/04/2022;46299,75
2/04/2022;45822,28
3/04/2022;46414,26
4/04/2022;46609,36
5/04/2022;45501,58
6/04/2022;43177,78
7/04/2022;43466,21
8/04/2022;42273,38
9/04/2022;42768,61
10/04/2022;42153,77
11/04/2022;39536,71
12/04/2022;40086,66
13/04/2022;41150,33
14/04/2022;39951,63
15/04/2022;40563,69
16/04/2022;40392,55
17/04/2022;39688,16
18/04/2022;40811,03
19/04/2022;41504,44
20/04/2022;41375,35
21/04/2022;40490,97
22/04/2022;39716,04
23/04/2022;39445,97
24/04/2022;39466,26
25/04/2022;40437,52
26/04/2022;38117,39
27/04/2022;39252,04
28/04/2022;39749,75
29/04/2022;38594,22
30/04/2022;37650,13
1/05/2022;38480,53
2/05/2022;38513,01
3/05/2022;37725,38
4/05/2022;39680,21
5/05/2022;36546,86
6/05/2022;36009,89
7/05/2022;35469,21
8/05/2022;34033,77
9/05/2022;30076,90
10/05/2022;31013,12
11/05/2022;29017,21
12/05/2022;28915,72
13/05/2022;29244,83
14/05/2022;30050,31
15/05/2022;31296,11
16/05/2022;29838,50
17/05/2022;30415,91
18/05/2022;28667,29
19/05/2022;30282,48
20/05/2022;29166,15
21/05/2022;29410,72
22/05/2022;30264,29
23/05/2022;29075,68
24/05/2022;29630,05
25/05/2022;29508,27
26/05/2022;29188,71
27/05/2022;28597,33
28/05/2022;29013,53
29/05/2022;29452,23
30/05/2022;31716,41
31/05/2022;31782,16
1/06/2022;29789,58
2/06/2022;30439,63
3/06/2022;29680,30
4/06/2022;29845,48
5/06/2022;29897,90
6/06/2022;31353,78
7/06/2022;31111,75
8/06/2022;30189,27
9/06/2022;30082,94
10/06/2022;29067,38
11/06/2022;28389,49
12/06/2022;26587,35
13/06/2022;22471,59
14/06/2022;22118,37
15/06/2022;22566,73
16/06/2022;20372,85
17/06/2022;20432,26
18/06/2022;18954,25
19/06/2022;20553,48
20/06/2022;20550,91
21/06/2022;20699,21
22/06/2022;19956,16
23/06/2022;21098,41
24/06/2022;21219,46
25/06/2022;21474,19
26/06/2022;21031,85
27/06/2022;20718,16
28/06/2022;20251,96
29/06/2022;20094,16
30/06/2022;19908,49
1/07/2022;19249,33
2/07/2022;19225,66
3/07/2022;19294,21
4/07/2022;20212,81
5/07/2022;20158,69
6/07/2022;20545,04
7/07/2022;21611,80
8/07/2022;21592,65
9/07/2022;21582,17
10/07/2022;20846,53
11/07/2022;19944,25
12/07/2022;19309,71
13/07/2022;20230,81
14/07/2022;20577,38
15/07/2022;20827,27
16/07/2022;21199,01
17/07/2022;20792,81
18/07/2022;22447,39
19/07/2022;23399,91
20/07/2022;23222,77
21/07/2022;23153,54
22/07/2022;22686,32
23/07/2022;22452,14
24/07/2022;22585,40
25/07/2022;21305,59
26/07/2022;21258,08
27/07/2022;22960,19
28/07/2022;23855,65
29/07/2022;23769,15
30/07/2022;23646,03
31/07/2022;23308,14
1/08/2022;23271,57
2/08/2022;22991,49
3/08/2022;22825,25
4/08/2022;22622,99
5/08/2022;23319,22
6/08/2022;22956,40
7/08/2022;23179,86
8/08/2022;23817,72
9/08/2022;23156,66
10/08/2022;23959,67
11/08/2022;23943,36
12/08/2022;24412,17
13/08/2022;24449,86
14/08/2022;24313,71
15/08/2022;24101,69
16/08/2022;23858,64
17/08/2022;23338,03
18/08/2022;23201,51
19/08/2022;20833,43
20/08/2022;21142,06
21/08/2022;21514,79
22/08/2022;21399,66
23/08/2022;21520,62
24/08/2022;21369,05
25/08/2022;21565,47
26/08/2022;20247,99
27/08/2022;20038,42
28/08/2022;19554,08
29/08/2022;20292,37
30/08/2022;19813,51
31/08/2022;20050,28
1/09/2022;20129,93
2/09/2022;19957,44
3/09/2022;19834,79
4/09/2022;20003,46
5/09/2022;19793,29
6/09/2022;18791,95
7/09/2022;19287,52
8/09/2022;19321,77
9/09/2022;21369,73
10/09/2022;21655,13
11/09/2022;21836,45
12/09/2022;22400,52
13/09/2022;20173,77
14/09/2022;20233,68
15/09/2022;19700,15
16/09/2022;19804,02
17/09/2022;20118,35
18/09/2022;19417,72
19/09/2022;19541,28
20/09/2022;18879,95
21/09/2022;18468,05
22/09/2022;19405,96
23/09/2022;19291,13
24/09/2022;18924,39
25/09/2022;18809,94
26/09/2022;19230,96
27/09/2022;19081,40
28/09/2022;19412,67
29/09/2022;19593,46
30/09/2022;19425,63
1/10/2022;19313,96
2/10/2022;19058,15
3/10/2022;19632,35
4/10/2022;20344,58
5/10/2022;20160,74
6/10/2022;19965,12
7/10/2022;19532,81
8/10/2022;19419,32
9/10/2022;19442,41
10/10/2022;19131,36
11/10/2022;19058,29
12/10/2022;19154,85
13/10/2022;19378,91
14/10/2022;19182,01
15/10/2022;19069,72
16/10/2022;19264,26
17/10/2022;19550,49
18/10/2022;19330,29
19/10/2022;19123,89
20/10/2022;19043,54
21/10/2022;19166,40
22/10/2022;19207,57
23/10/2022;19572,60
24/10/2022;19331,06
25/10/2022;20087,18
26/10/2022;20776,76
27/10/2022;20295,28
28/10/2022;20599,89
29/10/2022;20820,19
30/10/2022;20630,65
31/10/2022;20492,56
1/11/2022;20480,27
2/11/2022;20150,33
3/11/2022;20207,99
4/11/2022;21150,60
5/11/2022;21301,57
6/11/2022;20910,59
7/11/2022;20593,73
8/11/2022;18544,70
9/11/2022;15820,02
10/11/2022;17559,67
11/11/2022;17007,72
12/11/2022;16773,90
13/11/2022;16307,47
14/11/2022;16592,04
15/11/2022;16879,14
16/11/2022;16648,05
17/11/2022;16680,21
18/11/2022;16677,95
19/11/2022;16683,72
20/11/2022;16253,60
21/11/2022;15760,19
22/11/2022;16198,25
23/11/2022;16590,98
24/11/2022;16588,46
25/11/2022;16508,33
26/11/2022;16451,53
27/11/2022;16420,87
28/11/2022;16207,01
29/11/2022;16431,79
30/11/2022;17162,35
1/12/2022;16978,64
2/12/2022;17094,49
3/12/2022;16888,31
4/12/2022;17111,76
5/12/2022;16966,84
6/12/2022;17086,52
7/12/2022;16837,85
8/12/2022;17226,02
9/12/2022;17126,85
10/12/2022;17129,19
11/12/2022;17094,83
12/12/2022;17208,66
13/12/2022;17775,32
14/12/2022;17801,37
15/12/2022;17359,21
16/12/2022;16658,44
17/12/2022;16780,55
18/12/2022;16742,74
19/12/2022;16442,79
20/12/2022;16901,12
21/12/2022;16821,13
22/12/2022;16816,01
23/12/2022;16780,97
24/12/2022;16837,16
25/12/2022;16829,10
26/12/2022;16916,07
27/12/2022;16700,54
28/12/2022;16540,47
29/12/2022;16631,24
30/12/2022;16599,47
31/12/2022;16531,31
1/01/2023;16613,87
2/01/2023;16670,08
3/01/2023;16670,16
4/01/2023;16846,82
5/01/2023;16825,87
6/01/2023;16946,16
7/01/2023;16942,73
8/01/2023;17115,81
9/01/2023;17179,03
10/01/2023;17442,44
11/01/2023;17938,00
12/01/2023;18849,00
13/01/2023;19932,05
14/01/2023;20954,52
15/01/2023;20878,94
16/01/2023;21188,92
17/01/2023;21136,12
18/01/2023;20678,47
19/01/2023;21082,28
20/01/2023;22676,20
21/01/2023;22789,92
22/01/2023;22714,99
23/01/2023;22917,47
24/01/2023;22637,80
25/01/2023;23066,28
26/01/2023;23009,15
27/01/2023;23077,75
28/01/2023;23031,02
29/01/2023;23747,26
30/01/2023;22833,34
31/01/2023;23129,70
1/02/2023;23730,52
2/02/2023;23470,80
3/02/2023;23437,21
4/02/2023;23332,10
5/02/2023;22940,79
6/02/2023;22761,44
7/02/2023;23252,78
8/02/2023;22961,13
9/02/2023;21807,55
10/02/2023;21634,86
11/02/2023;21862,19
12/02/2023;21790,14
13/02/2023;21787,77
14/02/2023;22208,56
15/02/2023;24332,21
16/02/2023;23533,22
17/02/2023;24578,28
18/02/2023;24638,27
19/02/2023;24287,53
20/02/2023;24838,09
21/02/2023;24450,50
22/02/2023;24186,92
23/02/2023;23941,10
24/02/2023;23189,78
25/02/2023;23168,68
26/02/2023;23557,29
27/02/2023;23492,86
28/02/2023;23137,23
1/03/2023;23642,80
2/03/2023;23467,23
3/03/2023;22360,92
4/03/2023;22353,23
5/03/2023;22434,09
6/03/2023;22410,79
7/03/2023;22201,44
8/03/2023;21704,74
9/03/2023;20370,48
10/03/2023;20206,71
11/03/2023;20613,60
12/03/2023;22183,71
13/03/2023;24207,10
14/03/2023;24757,56
15/03/2023;24372,11
16/03/2023;25049,83
17/03/2023;27441,41
18/03/2023;26973,46
19/03/2023;28040,29
20/03/2023;27807,05
21/03/2023;28188,11
22/03/2023;27316,18
23/03/2023;28345,70
24/03/2023;27493,01
25/03/2023;27492,83
26/03/2023;27995,16
27/03/2023;27146,01
28/03/2023;27266,08
29/03/2023;28355,70
30/03/2023;28040,71
31/03/2023;28474,62
1/04/2023;28468,49
2/04/2023;28187,85
3/04/2023;27809,04
4/04/2023;28177,23
5/04/2023;28180,06
6/04/2023;28043,49
7/04/2023;27927,80
8/04/2023;27953,93
9/04/2023;28340,68
10/04/2023;29655,75
11/04/2023;30226,45
12/04/2023;29905,56
13/04/2023;30407,76
14/04/2023;30491,71
15/04/2023;30321,55
16/04/2023;30322,37
17/04/2023;29446,34
18/04/2023;30395,53
19/04/2023;28821,91
20/04/2023;28248,11
21/04/2023;27261,17
22/04/2023;27820,73
23/04/2023;27596,85
24/04/2023;27520,93
25/04/2023;28308,07
26/04/2023;28432,89
27/04/2023;29483,94
28/04/2023;29339,99
29/04/2023;29251,20
30/04/2023;29236,81
1/05/2023;28086,77
2/05/2023;28694,70
3/05/2023;29041,65
4/05/2023;28865,72
5/05/2023;29548,51
6/05/2023;28943,98
7/05/2023;28572,81
8/05/2023;27783,42
9/05/2023;27680,21
10/05/2023;27628,73
11/05/2023;26991,62
12/05/2023;26807,09
13/05/2023;26788,88
14/05/2023;26931,44
15/05/2023;27176,27
16/05/2023;27036,57
17/05/2023;27406,21
18/05/2023;26823,31
19/05/2023;26888,42
20/05/2023;27118,54
21/05/2023;26755,17
22/05/2023;26855,40
23/05/2023;27224,70
24/05/2023;26326,17
25/05/2023;26480,21
26/05/2023;26719,70
27/05/2023;26872,59
28/05/2023;28077,57
29/05/2023;27746,07
30/05/2023;27703,56
31/05/2023;27220,17
1/06/2023;26825,73
2/06/2023;27251,14
3/06/2023;27078,30
4/06/2023;27125,24
5/06/2023;25740,46
6/06/2023;27269,02
7/06/2023;26348,91
8/06/2023;26509,09
9/06/2023;26483,81
10/06/2023;25856,18
11/06/2023;25937,58
12/06/2023;25905,64
13/06/2023;25928,94
14/06/2023;25125,73
15/06/2023;25574,36
16/06/2023;26330,59
17/06/2023;26510,43
18/06/2023;26338,00
19/06/2023;26842,09
20/06/2023;28319,35
21/06/2023;30000,55
22/06/2023;29892,81
23/06/2023;30705,39
24/06/2023;30548,20
25/06/2023;30473,64
26/06/2023;30271,91
27/06/2023;30696,99
28/06/2023;30078,90
29/06/2023;30447,17
30/06/2023;30471,06
1/07/2023;30590,76
2/07/2023;30617,66
3/07/2023;31160,24
4/07/2023;30774,39
5/07/2023;30503,07
6/07/2023;29907,98
7/07/2023;30349,69
8/07/2023;30294,36
9/07/2023;30171,49
10/07/2023;30421,04
11/07/2023;30626,62
12/07/2023;30385,22
13/07/2023;31475,78
14/07/2023;30331,09
15/07/2023;30298,45
16/07/2023;30248,17
17/07/2023;30147,68
18/07/2023;29863,79
19/07/2023;29918,60
20/07/2023;29809,61
21/07/2023;29911,46
22/07/2023;29791,61
23/07/2023;30085,68
24/07/2023;29181,04
25/07/2023;29226,63
26/07/2023;29352,06
27/07/2023;29217,05
28/07/2023;29316,82
29/07/2023;29358,76
30/07/2023;29283,34
31/07/2023;29231,47
1/08/2023;29699,74
2/08/2023;29163,69
3/08/2023;29177,75
4/08/2023;29078,51
5/08/2023;29050,34
6/08/2023;29046,16
7/08/2023;29182,16
8/08/2023;29770,51
9/08/2023;29566,47
10/08/2023;29428,10
11/08/2023;29403,56
12/08/2023;29417,08
13/08/2023;29281,55
14/08/2023;29409,22
15/08/2023;29171,23
16/08/2023;28702,80
17/08/2023;26629,67
18/08/2023;26049,69
19/08/2023;26095,80
20/08/2023;26191,01
21/08/2023;26126,18
22/08/2023;26043,01
23/08/2023;26429,40
24/08/2023;26166,22
25/08/2023;26051,29
26/08/2023;26010,35
27/08/2023;26091,32
28/08/2023;26106,00
29/08/2023;27724,41
30/08/2023;27305,41
31/08/2023;25937,29
1/09/2023;25798,79
2/09/2023;25868,56
3/09/2023;25971,37
4/09/2023;25816,24
5/09/2023;25785,01
6/09/2023;25751,71
7/09/2023;26264,75
8/09/2023;25907,13
9/09/2023;25898,41
10/09/2023;25833,67
11/09/2023;25157,07
12/09/2023;25840,34
13/09/2023;26227,49
14/09/2023;26533,66
15/09/2023;26605,49
16/09/2023;26569,13
17/09/2023;26533,12
18/09/2023;26767,82
19/09/2023;27219,02
20/09/2023;27126,40
21/09/2023;26567,47
22/09/2023;26583,16
23/09/2023;26585,41
24/09/2023;26261,44
25/09/2023;26297,93
26/09/2023;26212,59
27/09/2023;26360,20
28/09/2023;27027,20
29/09/2023;26909,40
30/09/2023;26964,27
1/10/2023;27994,51
2/10/2023;27507,22
3/10/2023;27428,66
4/10/2023;27789,80
5/10/2023;27414,59
6/10/2023;27946,61
7/10/2023;27973,69
8/10/2023;27933,57
9/10/2023;27598,77
10/10/2023;27395,40
11/10/2023;26871,21
12/10/2023;26756,23
13/10/2023;26862,90
14/10/2023;26854,52
15/10/2023;27177,41
16/10/2023;28518,37
17/10/2023;28409,46
18/10/2023;28328,07
19/10/2023;28733,78
20/10/2023;29684,37
21/10/2023;29924,08
22/10/2023;30001,44
23/10/2023;33084,08
24/10/2023;33923,52
25/10/2023;34503,40
26/10/2023;34157,06
27/10/2023;33907,70
28/10/2023;34090,05
29/10/2023;34535,38
30/10/2023;34494,56
31/10/2023;34657,73
1/11/2023;35439,76
2/11/2023;34947,15
3/11/2023;34732,28
4/11/2023;35086,09
5/11/2023;35039,47
6/11/2023;35054,59
7/11/2023;35421,85
8/11/2023;35638,33
9/11/2023;36704,14
10/11/2023;37321,51
11/11/2023;37142,22
12/11/2023;37079,76
13/11/2023;36482,51
14/11/2023;35551,21
15/11/2023;37884,19
16/11/2023;36162,42
17/11/2023;36626,32
18/11/2023;36591,19
19/11/2023;37388,64
20/11/2023;37476,66
21/11/2023;35758,72
22/11/2023;37424,20
23/11/2023;37299,18
24/11/2023;37737,05
25/11/2023;37801,92
26/11/2023;37460,21
27/11/2023;37246,29
28/11/2023;37836,63
29/11/2023;37861,90
30/11/2023;37729,58
1/12/2023;38699,84
2/12/2023;39469,35
3/12/2023;39980,93
4/12/2023;41984,41
5/12/2023;44089,06
6/12/2023;43771,01
7/12/2023;43285,02
8/12/2023;44186,18
9/12/2023;43723,00
10/12/2023;43791,67
11/12/2023;41235,58
12/12/2023;41472,94
13/12/2023;42887,55
14/12/2023;43030,60
15/12/2023;41939,16
16/12/2023;42243,26
17/12/2023;41349,42
18/12/2023;42650,27
19/12/2023;42268,08
20/12/2023;43669,91
21/12/2023;43875,01
22/12/2023;44008,04
23/12/2023;43732,75
24/12/2023;43023,12
25/12/2023;43593,79
26/12/2023;42517,32
27/12/2023;43469,34
28/12/2023;42588,94
29/12/2023;42073,59
30/12/2023;42146,03
31/12/2023;42280,14
